Primer.Pair.Number,SKPP.forward,SKPP.forward.Seq,Forward.Binding,SKPP.reverse,SKPP.reverse.Seq,Reverse.Binding
1,>skpp15-1-F filt15-1651,GGGTCACGCGTAGGA,GGGTCACGCGTAGGA,>skpp15-1-R filt15-1181,GTTCCGCAGCCACAC,GTGTGGCTGCGGAAC
2,>skpp15-2-F filt15-568,CGCGTCGAGTAGGGT,CGCGTCGAGTAGGGT,>skpp15-2-R filt15-1539,GCCGTGTGAAGCTGG,CCAGCTTCACACGGC
3,>skpp15-3-F filt15-1139,CGATCGCCCTTGGTG,CGATCGCCCTTGGTG,>skpp15-3-R filt15-1566,GGTTTAGCCGGCGTG,CACGCCGGCTAAACC
4,>skpp15-4-F filt15-656,GGTCGAGCCGGAACT,GGTCGAGCCGGAACT,>skpp15-4-R filt15-740,GGATGCGCACCCAGA,TCTGGGTGCGCATCC
5,>skpp15-5-F filt15-53,TCCCGGCGTTGTCCT,TCCCGGCGTTGTCCT,>skpp15-5-R filt15-976,GCTCCGTCACTGCCC,GGGCAGTGACGGAGC
6,>skpp15-6-F filt15-1876,CGCAGGGTCCAGAGT,CGCAGGGTCCAGAGT,>skpp15-6-R filt15-381,GTTCGCGCGAAGGAA,TTCCTTCGCGCGAAC
7,>skpp15-7-F filt15-1855,AGTGACCCGTCCCTG,AGTGACCCGTCCCTG,>skpp15-7-R filt15-757,AGTCGACCTCTGCCC,GGGCAGAGGTCGACT
8,>skpp15-8-F filt15-669,TGCCCGCTGTCTTCA,TGCCCGCTGTCTTCA,>skpp15-8-R filt15-201,CACTGCCGGGCTACA,TGTAGCCCGGCAGTG
9,>skpp15-9-F filt15-453,CGATCGTGCCCACCT,CGATCGTGCCCACCT,>skpp15-9-R filt15-1189,GTGCGGGCTCCAACT,AGTTGGAGCCCGCAC
10,>skpp15-10-F filt15-247,ACTGGTGCGTCGTCT,ACTGGTGCGTCGTCT,>skpp15-10-R filt15-48,CGGGAAGTGTTCGCC,GGCGAACACTTCCCG
11,>skpp15-11-F filt15-572,AGCGAAACCGTGCGT,AGCGAAACCGTGCGT,>skpp15-11-R filt15-1778,ACTCTCCCGCGTCCC,GGGACGCGGGAGAGT
12,>skpp15-12-F filt15-40,ACCGGTTTCCACGCA,ACCGGTTTCCACGCA,>skpp15-12-R filt15-1023,CCTCCAAGCGCGAAC,GTTCGCGCTTGGAGG
13,>skpp15-13-F filt15-286,GGGTTCGAGCGGGAG,GGGTTCGAGCGGGAG,>skpp15-13-R filt15-11,TAGCGCGCAGAGAGG,CCTCTCTGCGCGCTA
14,>skpp15-14-F filt15-1541,TGGGCGCCAAGAACC,TGGGCGCCAAGAACC,>skpp15-14-R filt15-766,CCCACTGCGCCCAAG,CTTGGGCGCAGTGGG
15,>skpp15-15-F filt15-128,ACTCGACGGCCTCTG,ACTCGACGGCCTCTG,>skpp15-15-R filt15-100,ACACGCGCGTTGAAG,CTTCAACGCGCGTGT
16,>skpp15-16-F filt15-1967,CCCGGATCCCTTGCT,CCCGGATCCCTTGCT,>skpp15-16-R filt15-174,CGCGTCATTGGCCTC,GAGGCCAATGACGCG
17,>skpp15-17-F filt15-844,GCTTCCGCCCGTAGA,GCTTCCGCCCGTAGA,>skpp15-17-R filt15-778,CATTCGCGCTGGTGG,CCACCAGCGCGAATG
18,>skpp15-18-F filt15-900,CGAGCCGTGGTTCCT,CGAGCCGTGGTTCCT,>skpp15-18-R filt15-1216,CGCTGGGAGGGTGTT,AACACCCTCCCAGCG
19,>skpp15-19-F filt15-959,ACGCCGAATCCCACA,ACGCCGAATCCCACA,>skpp15-19-R filt15-1020,TGCTGGAACGTCGGG,CCCGACGTTCCAGCA
20,>skpp15-20-F filt15-938,ATCACTCGCGTCCCA,ATCACTCGCGTCCCA,>skpp15-20-R filt15-1521,ACACGCTCGACTCCC,GGGAGTCGAGCGTGT
21,>skpp15-21-F filt15-1018,ACCATCGCGCACCTT,ACCATCGCGCACCTT,>skpp15-21-R filt15-1286,CTCCCTTGCCTGCCC,GGGCAGGCAAGGGAG
22,>skpp15-22-F filt15-798,CGTCACGCAGGGTTC,CGTCACGCAGGGTTC,>skpp15-22-R filt15-811,ATCCCGCCGTCAGAG,CTCTGACGGCGGGAT
23,>skpp15-23-F filt15-577,AGCTGCTACACCGCC,AGCTGCTACACCGCC,>skpp15-23-R filt15-1596,GCGCGATGGTCACAG,CTGTGACCATCGCGC
24,>skpp15-24-F filt15-225,ATGGACGCGTGGAGT,ATGGACGCGTGGAGT,>skpp15-24-R filt15-1056,TAGGGCTCCGCTTGG,CCAAGCGGAGCCCTA
25,>skpp15-25-F filt15-427,AGTTGACCAGCGCCA,AGTTGACCAGCGCCA,>skpp15-25-R filt15-812,AGTCGCGCCTACCAC,GTGGTAGGCGCGACT
26,>skpp15-26-F filt15-1637,GCGGCACCACAAACT,GCGGCACCACAAACT,>skpp15-26-R filt15-327,CGTGGCCTCTGTCCT,AGGACAGAGGCCACG
27,>skpp15-27-F filt15-401,ACCTTCACGCGTCCC,ACCTTCACGCGTCCC,>skpp15-27-R filt15-434,GCCCACCGACTCCAC,GTGGAGTCGGTGGGC
28,>skpp15-28-F filt15-295,GACTGCGGCGTTGGT,GACTGCGGCGTTGGT,>skpp15-28-R filt15-2129,TACGCCCGGGACAGA,TCTGTCCCGGGCGTA
29,>skpp15-29-F filt15-1153,GCCGCCGCTTATTGG,GCCGCCGCTTATTGG,>skpp15-29-R filt15-1698,TGCGCCACCTCAGTC,GACTGAGGTGGCGCA
30,>skpp15-30-F filt15-931,TCCACCGTCGGCAAG,TCCACCGTCGGCAAG,>skpp15-30-R filt15-1825,GGCCGCACCCAGTAG,CTACTGGGTGCGGCC
31,>skpp15-31-F filt15-1219,GGCCGGACACATGCT,GGCCGGACACATGCT,>skpp15-31-R filt15-275,CGGTGTGGCTGACGG,CCGTCAGCCACACCG
32,>skpp15-32-F filt15-4,ACGGGCTGGTGTGGT,ACGGGCTGGTGTGGT,>skpp15-32-R filt15-1853,CTGGGTGGCGCAGTC,GACTGCGCCACCCAG
33,>skpp15-33-F filt15-485,AAGTGCCCTTCCCGT,AAGTGCCCTTCCCGT,>skpp15-33-R filt15-1248,GAGTCCGCGCAAGAG,CTCTTGCGCGGACTC
34,>skpp15-34-F filt15-1221,CGCGCCGTTCCTTTG,CGCGCCGTTCCTTTG,>skpp15-34-R filt15-60,TCGTCGCGCAGGTTC,GAACCTGCGCGACGA
35,>skpp15-35-F filt15-373,TGCGGGCCCATTTCC,TGCGGGCCCATTTCC,>skpp15-35-R filt15-942,GCCCACCGTCGCTTC,GAAGCGACGGTGGGC
36,>skpp15-36-F filt15-36,CGAAGTGCGCAGGGT,CGAAGTGCGCAGGGT,>skpp15-36-R filt15-1896,TTGCGCCCGTGTCAG,CTGACACGGGCGCAA
37,>skpp15-37-F filt15-319,TTCAGCGCCGTCCAG,TTCAGCGCCGTCCAG,>skpp15-37-R filt15-1049,AATGACCGCGCCACC,GGTGGCGCGGTCATT
38,>skpp15-38-F filt15-362,AGGTCCGGTGCAGGT,AGGTCCGGTGCAGGT,>skpp15-38-R filt15-2057,GCTGGTCGCGCTGAA,TTCAGCGCGACCAGC
39,>skpp15-39-F filt15-561,AGCGTGGAGTGAGCC,AGCGTGGAGTGAGCC,>skpp15-39-R filt15-988,TCTGGTTGCTGCCGA,TCGGCAGCAACCAGA
40,>skpp15-40-F filt15-946,AGGCGGTCGAGAGTG,AGGCGGTCGAGAGTG,>skpp15-40-R filt15-1623,CCGTCCTCCACCCAG,CTGGGTGGAGGACGG
41,>skpp15-41-F filt15-1058,CGTTGTCACCCGCCT,CGTTGTCACCCGCCT,>skpp15-41-R filt15-1783,GCCAATGCTGCCCGA,TCGGGCAGCATTGGC
42,>skpp15-42-F filt15-2061,TGCGCAGGACCAAGA,TGCGCAGGACCAAGA,>skpp15-42-R filt15-1851,TGAACTGGGCGGAGG,CCTCCGCCCAGTTCA
43,>skpp15-43-F filt15-1486,CATCTTGCGGCGGGT,CATCTTGCGGCGGGT,>skpp15-43-R filt15-1285,TCGCCGCCTGTCATC,GATGACAGGCGGCGA
44,>skpp15-44-F filt15-425,GCGCAGAGATTCGGG,GCGCAGAGATTCGGG,>skpp15-44-R filt15-1661,GCAGCGGGATGACAC,GTGTCATCCCGCTGC
45,>skpp15-45-F filt15-186,TCTGCAGCCACGTCA,TCTGCAGCCACGTCA,>skpp15-45-R filt15-1424,ACCGCCGCTGTAGTC,GACTACAGCGGCGGT
46,>skpp15-46-F filt15-824,CCGCATGCAGTCCCT,CCGCATGCAGTCCCT,>skpp15-46-R filt15-915,CGACTCTTGCGCCCT,AGGGCGCAAGAGTCG
47,>skpp15-47-F filt15-594,GTGGCCTGCTGTGTG,GTGGCCTGCTGTGTG,>skpp15-47-R filt15-420,TGCAGTGCCGGGTAG,CTACCCGGCACTGCA
48,>skpp15-48-F filt15-1198,GCACATGGGAAGCGG,GCACATGGGAAGCGG,>skpp15-48-R filt15-1377,CCTGTACAGCGGCGA,TCGCCGCTGTACAGG
49,>skpp15-49-F filt15-619,GGCCCAGCGAAGATG,GGCCCAGCGAAGATG,>skpp15-49-R filt15-1317,GATCAGCACCGCGAC,GTCGCGGTGCTGATC
50,>skpp15-50-F filt15-198,CTGTGATCCCGCCGT,CTGTGATCCCGCCGT,>skpp15-50-R filt15-489,CCCGTCTGCCCATCC,GGATGGGCAGACGGG
51,>skpp15-51-F filt15-1300,GGCGCGCTCTAACAC,GGCGCGCTCTAACAC,>skpp15-51-R filt15-1864,CTCCCTCTCGCAGCA,TGCTGCGAGAGGGAG
52,>skpp15-52-F filt15-1782,ACCTCCTGCGGCATT,ACCTCCTGCGGCATT,>skpp15-52-R filt15-157,TCCCGGCCTTTCACC,GGTGAAAGGCCGGGA
53,>skpp15-53-F filt15-1432,TTGGGCGCGTTCAAG,TTGGGCGCGTTCAAG,>skpp15-53-R filt15-1595,GCGAACAAGCCACCA,TGGTGGCTTGTTCGC
54,>skpp15-54-F filt15-258,TGAACACCGCCGACT,TGAACACCGCCGACT,>skpp15-54-R filt15-1362,ATGCGCGCTGTTTGA,TCAAACAGCGCGCAT
55,>skpp15-55-F filt15-1590,GGGCCCAGACCTTGT,GGGCCCAGACCTTGT,>skpp15-55-R filt15-1961,CCTCGAGGTAGCGGG,CCCGCTACCTCGAGG
56,>skpp15-56-F filt15-1366,AACGCCCAGCCTGTC,AACGCCCAGCCTGTC,>skpp15-56-R filt15-1532,CCGCGTTGCTGAGTG,CACTCAGCAACGCGG
57,>skpp15-57-F filt15-613,GGCGGCCCTGTCTTT,GGCGGCCCTGTCTTT,>skpp15-57-R filt15-919,AGCCGGCCTCACTTC,GAAGTGAGGCCGGCT
58,>skpp15-58-F filt15-1565,TCGCCCGACCTCTCA,TCGCCCGACCTCTCA,>skpp15-58-R filt15-239,TGCCTGCTCGCTTGG,CCAAGCGAGCAGGCA
59,>skpp15-59-F filt15-1926,AGGCACGCTCAACCT,AGGCACGCTCAACCT,>skpp15-59-R filt15-168,CCTAGGTCGCACGCA,TGCGTGCGACCTAGG
60,>skpp15-60-F filt15-1533,GCGGCGGAAGGTGAG,GCGGCGGAAGGTGAG,>skpp15-60-R filt15-1469,TCGCAAGTCCGCCTG,CAGGCGGACTTGCGA
61,>skpp15-61-F filt15-1909,CATTGCCGTGCGTGA,CATTGCCGTGCGTGA,>skpp15-61-R filt15-402,GAGGGTTCCCGCTGA,TCAGCGGGAACCCTC
62,>skpp15-62-F filt15-1167,CTGCGGTGCCTCATC,CTGCGGTGCCTCATC,>skpp15-62-R filt15-855,GCCGACGTCAGCTTC,GAAGCTGACGTCGGC
63,>skpp15-63-F filt15-839,CGGCGTTTGGGTCTG,CGGCGTTTGGGTCTG,>skpp15-63-R filt15-592,GTTGGCAGGCATGGG,CCCATGCCTGCCAAC
64,>skpp15-64-F filt15-680,CCTATTGCGCCGTCC,CCTATTGCGCCGTCC,>skpp15-64-R filt15-1194,GCATCTCCCGCCTCA,TGAGGCGGGAGATGC
65,>skpp15-65-F filt15-580,TGACCCGGACCCAAC,TGACCCGGACCCAAC,>skpp15-65-R filt15-1086,CGCATCGCAATCCCA,TGGGATTGCGATGCG
66,>skpp15-66-F filt15-95,CCCTCGTCGCCTCCT,CCCTCGTCGCCTCCT,>skpp15-66-R filt15-281,GGCAGTGCTCGGCTC,GAGCCGAGCACTGCC
67,>skpp15-67-F filt15-2,CGCCGAGCCGTATGA,CGCCGAGCCGTATGA,>skpp15-67-R filt15-1814,GCGCATTGGAGGCTG,CAGCCTCCAATGCGC
68,>skpp15-68-F filt15-1489,AGCCCACTTGCCCTC,AGCCCACTTGCCCTC,>skpp15-68-R filt15-29,CCAAGCCGGGTTCCA,TGGAACCCGGCTTGG
69,>skpp15-69-F filt15-54,GGTGTTAGCGCTCGG,GGTGTTAGCGCTCGG,>skpp15-69-R filt15-1597,ATTGCGCGCAGGTAG,CTACCTGCGCGCAAT
70,>skpp15-70-F filt15-254,GCTGGAGGCGAGGTT,GCTGGAGGCGAGGTT,>skpp15-70-R filt15-1705,ACGGCGGTACTCTGG,CCAGAGTACCGCCGT
71,>skpp15-71-F filt15-500,GAGGGCTCCGTTCGT,GAGGGCTCCGTTCGT,>skpp15-71-R filt15-309,CGGCCAGGTCAGGTC,GACCTGACCTGGCCG
72,>skpp15-72-F filt15-412,CCTCCCTCACGCACC,CCTCCCTCACGCACC,>skpp15-72-R filt15-2007,GTGCGCGTCGTTCTG,CAGAACGACGCGCAC
73,>skpp15-73-F filt15-1197,CCCTCCCACGGACTT,CCCTCCCACGGACTT,>skpp15-73-R filt15-1547,GGGTCCCTCGTCTCC,GGAGACGAGGGACCC
74,>skpp15-74-F filt15-943,AAGAGGGACGCAGCA,AAGAGGGACGCAGCA,>skpp15-74-R filt15-1084,TCCCGACTAACCGCC,GGCGGTTAGTCGGGA
75,>skpp15-75-F filt15-1364,CGTCCGCACAAACCC,CGTCCGCACAAACCC,>skpp15-75-R filt15-445,CCGCATCGTTGACCC,GGGTCAACGATGCGG
76,>skpp15-76-F filt15-637,CATCCACGAGCGCCA,CATCCACGAGCGCCA,>skpp15-76-R filt15-1120,GGCGGCTGTTCTCCC,GGGAGAACAGCCGCC
77,>skpp15-77-F filt15-129,GCCTAACGCCCGTCC,GCCTAACGCCCGTCC,>skpp15-77-R filt15-600,ATGCCCGCGACATCC,GGATGTCGCGGGCAT
78,>skpp15-78-F filt15-779,GCCGTCCTGCAGAGT,GCCGTCCTGCAGAGT,>skpp15-78-R filt15-1353,TCCTGAGGCGCGAAG,CTTCGCGCCTCAGGA
79,>skpp15-79-F filt15-1085,GAGTCTGAGCGGCGT,GAGTCTGAGCGGCGT,>skpp15-79-R filt15-1,GCCTAGCTCGCCTGA,TCAGGCGAGCTAGGC
80,>skpp15-80-F filt15-1032,ACTGCGGTGCCTTCT,ACTGCGGTGCCTTCT,>skpp15-80-R filt15-1750,GCACTTGCGGGACTG,CAGTCCCGCAAGTGC
81,>skpp15-81-F filt15-2128,GACCTGTCTCCCGCA,GACCTGTCTCCCGCA,>skpp15-81-R filt15-481,CAGTGCCAGCCAACC,GGTTGGCTGGCACTG
82,>skpp15-82-F filt15-1813,GCCGGTCCCAACTCT,GCCGGTCCCAACTCT,>skpp15-82-R filt15-2046,CAGCCATGTCTCGCC,GGCGAGACATGGCTG
83,>skpp15-83-F filt15-830,CGGCGCTCAGTACCA,CGGCGCTCAGTACCA,>skpp15-83-R filt15-800,GTTCCCTCCGCCCAA,TTGGGCGGAGGGAAC
84,>skpp15-84-F filt15-512,CACGGCGCTGGACTT,CACGGCGCTGGACTT,>skpp15-84-R filt15-1680,TGGCTCGTGTCGCTG,CAGCGACACGAGCCA
85,>skpp15-85-F filt15-45,AGTCCAGCGGCTCAC,AGTCCAGCGGCTCAC,>skpp15-85-R filt15-842,CCGCCTTCTAGCCCA,TGGGCTAGAAGGCGG
86,>skpp15-86-F filt15-969,GAAACCCGCCCACCT,GAAACCCGCCCACCT,>skpp15-86-R filt15-1683,CATGCGGTGCTGTCC,GGACAGCACCGCATG
87,>skpp15-87-F filt15-1021,TTGTCTCTGGCCGCT,TTGTCTCTGGCCGCT,>skpp15-87-R filt15-638,AGCGTGGGTCTTGGG,CCCAAGACCCACGCT
88,>skpp15-88-F filt15-1427,GTCGGACCGGAGTGT,GTCGGACCGGAGTGT,>skpp15-88-R filt15-1826,CCCTAATGCGCCGTG,CACGGCGCATTAGGG
89,>skpp15-89-F filt15-269,TCTGAGACGGCGAGG,TCTGAGACGGCGAGG,>skpp15-89-R filt15-797,AGGACGCCCGTAGTG,CACTACGGGCGTCCT
90,>skpp15-90-F filt15-1639,TGGCCGCAGTCTCAC,TGGCCGCAGTCTCAC,>skpp15-90-R filt15-1185,AGTTGGGCGGCGTAG,CTACGCCGCCCAACT
91,>skpp15-91-F filt15-1036,TGTCCCAGGTCGCAG,TGTCCCAGGTCGCAG,>skpp15-91-R filt15-724,CGATGTTGGCGGCTC,GAGCCGCCAACATCG
92,>skpp15-92-F filt15-1247,AGTCTTGCGGCGTTG,AGTCTTGCGGCGTTG,>skpp15-92-R filt15-1892,CTCTTGGTGGCGCTG,CAGCGCCACCAAGAG
93,>skpp15-93-F filt15-1812,CTCGACGGCCACAAC,CTCGACGGCCACAAC,>skpp15-93-R filt15-1038,CACGGTGCCACAGAC,GTCTGTGGCACCGTG
94,>skpp15-94-F filt15-50,CGGGCGCCTCTTGTT,CGGGCGCCTCTTGTT,>skpp15-94-R filt15-1763,AGCGCGATTCAGCCA,TGGCTGAATCGCGCT
95,>skpp15-95-F filt15-1508,AGGCGCTCATGTGGA,AGGCGCTCATGTGGA,>skpp15-95-R filt15-893,ACTCAGCAGCGGGAC,GTCCCGCTGCTGAGT
96,>skpp15-96-F filt15-221,CTGGGAGCGGCGAAA,CTGGGAGCGGCGAAA,>skpp15-96-R filt15-905,GGTACGGGCGGAGTG,CACTCCGCCCGTACC
97,>skpp15-97-F filt15-576,CGCCGTCGGTGTCTG,CGCCGTCGGTGTCTG,>skpp15-97-R filt15-2088,TGCTCCGGTGCGTTC,GAACGCACCGGAGCA
98,>skpp15-98-F filt15-62,CCCGCCCTCTACCGA,CCCGCCCTCTACCGA,>skpp15-98-R filt15-323,ACGCCGTGGTCCTCA,TGAGGACCACGGCGT
99,>skpp15-99-F filt15-953,GGGCGCGCAACTTCT,GGGCGCGCAACTTCT,>skpp15-99-R filt15-1973,ACACACAGCGCCACC,GGTGGCGCTGTGTGT
100,>skpp15-100-F filt15-689,AGCGGTTCGGGTTGA,AGCGGTTCGGGTTGA,>skpp15-100-R filt15-566,ACCATGCGCGTTGAG,CTCAACGCGCATGGT
101,>skpp15-101-F filt15-448,GCGGCGACCATCCTT,GCGGCGACCATCCTT,>skpp15-101-R filt15-1494,GGGTCACGGCTCCAC,GTGGAGCCGTGACCC
102,>skpp15-102-F filt15-193,GAAACGGCGGGCTCT,GAAACGGCGGGCTCT,>skpp15-102-R filt15-1493,CGTCGCATCGGGTGG,CCACCCGATGCGACG
103,>skpp15-103-F filt15-1897,GGCAGGTCCGAGTGT,GGCAGGTCCGAGTGT,>skpp15-103-R filt15-1249,GGCCACCTCTCGCTT,AAGCGAGAGGTGGCC
104,>skpp15-104-F filt15-153,CAGCGGCGGGTTTCA,CAGCGGCGGGTTTCA,>skpp15-104-R filt15-1003,CCCGCTTCCACCCAG,CTGGGTGGAAGCGGG
105,>skpp15-105-F filt15-1530,CGCATGGCCTTCACC,CGCATGGCCTTCACC,>skpp15-105-R filt15-1624,CTCTGGCGCCCTCAA,TTGAGGGCGCCAGAG
106,>skpp15-106-F filt15-1400,AAGCGCGGGTTTGGG,AAGCGCGGGTTTGGG,>skpp15-106-R filt15-1861,TTCTGCGCCCGGTTC,GAACCGGGCGCAGAA
107,>skpp15-107-F filt15-305,CGTGCAATGTGGCGT,CGTGCAATGTGGCGT,>skpp15-107-R filt15-610,CGCTGGACTCGTGGT,ACCACGAGTCCAGCG
108,>skpp15-108-F filt15-1030,CGCGCGTAATAGCCC,CGCGCGTAATAGCCC,>skpp15-108-R filt15-922,GACGCGATGCCCTTG,CAAGGGCATCGCGTC
109,>skpp15-109-F filt15-396,GCATTGCCCGGTTGT,GCATTGCCCGGTTGT,>skpp15-109-R filt15-1253,GGCTGCCGAGAGTGT,ACACTCTCGGCAGCC
110,>skpp15-110-F filt15-661,GTCGTGCCGGGCTTT,GTCGTGCCGGGCTTT,>skpp15-110-R filt15-2067,GCCTGCCCACGGATT,AATCCGTGGGCAGGC
111,>skpp15-111-F filt15-8,ATCCCAGCAGCCCAA,ATCCCAGCAGCCCAA,>skpp15-111-R filt15-732,GTTCGCGTCCATCCC,GGGATGGACGCGAAC
112,>skpp15-112-F filt15-35,GAGAGCCGGCCTGTG,GAGAGCCGGCCTGTG,>skpp15-112-R filt15-1331,CACGCAGCCAAACCC,GGGTTTGGCTGCGTG
113,>skpp15-113-F filt15-620,GGGCACGCGGTAAGT,GGGCACGCGGTAAGT,>skpp15-113-R filt15-1142,TGTGCCGCCAAGACC,GGTCTTGGCGGCACA
114,>skpp15-114-F filt15-1177,TGCTGCGTGTGGAGG,TGCTGCGTGTGGAGG,>skpp15-114-R filt15-511,CGGCAAGGGACGGTG,CACCGTCCCTTGCCG
115,>skpp15-115-F filt15-1199,TGGCTACGGGTGCTG,TGGCTACGGGTGCTG,>skpp15-115-R filt15-1069,CTGTGGCCCGCTGAA,TTCAGCGGGCCACAG
116,>skpp15-116-F filt15-14,GACCGTGCGACTGGG,GACCGTGCGACTGGG,>skpp15-116-R filt15-1111,CGCAAGGCAGGGACA,TGTCCCTGCCTTGCG
117,>skpp15-117-F filt15-843,ACCCACGCCGAATGA,ACCCACGCCGAATGA,>skpp15-117-R filt15-616,GGACAATGCTCCGCC,GGCGGAGCATTGTCC
118,>skpp15-118-F filt15-303,ACACAGGGCGATGCT,ACACAGGGCGATGCT,>skpp15-118-R filt15-1443,TGGAGGGCTGGGACT,AGTCCCAGCCCTCCA
119,>skpp15-119-F filt15-504,CGTGACCATCGCCGT,CGTGACCATCGCCGT,>skpp15-119-R filt15-1739,TCGACTCGCAGCGTC,GACGCTGCGAGTCGA
120,>skpp15-120-F filt15-134,GCTCGGCCGTAGTGT,GCTCGGCCGTAGTGT,>skpp15-120-R filt15-1398,CGAGTTGTGGCACGG,CCGTGCCACAACTCG
121,>skpp15-121-F filt15-774,TGCCGCAAGTCCCAG,TGCCGCAAGTCCCAG,>skpp15-121-R filt15-862,AATTGCGCGCGTTCC,GGAACGCGCGCAATT
122,>skpp15-122-F filt15-631,CACACCCGCCTGCTC,CACACCCGCCTGCTC,>skpp15-122-R filt15-1747,AGGGCCGCGACTACC,GGTAGTCGCGGCCCT
123,>skpp15-123-F filt15-998,GTCGGCGACCAGGGA,GTCGGCGACCAGGGA,>skpp15-123-R filt15-1156,GCTCAACCGCCGACC,GGTCGGCGGTTGAGC
124,>skpp15-124-F filt15-833,TCGCGGAGTTGAGGT,TCGCGGAGTTGAGGT,>skpp15-124-R filt15-456,ACCGGCTCCCAGTTC,GAACTGGGAGCCGGT
125,>skpp15-125-F filt15-970,ACCTCATGTGGCCGA,ACCTCATGTGGCCGA,>skpp15-125-R filt15-436,CCAGTGACGCAGGGA,TCCCTGCGTCACTGG
126,CCGGGTGCAGTTGTG,,,GTTGCCGAGCCGTAG,,
127,CGAAGCGCCCTCCAC,,,GCAAACCGGCCGTCA,,
128,AGTTGTCCAGCGCCT,,,TGAGCCCGTCCGTTG,,
129,CCGCGAAGTTGGGTC,,,TTGGGCCGGTCGTAA,,
130,TGACATCCCGGCCCT,,,TTGCTGCGCCTCCTG,,
131,ACTGGACCTGTGCGT,,,TCGCTCCGTCTCACC,,
132,CGCACCGTGGTCTGT,,,GAAGGGCCGTGGGTT,,
133,TCCTCAGCGCCACCT,,,ACGAGGCGCACACAC,,
134,ACGTCAGCCAGCAGT,,,TATGTCCAGCCCGCA,,
135,AGCGTCCGAGGGAGT,,,GCGGACCTTTGCGTG,,
136,GACCGCCTGCCCATC,,,GTTCCATCGCCCGCC,,
137,GGCAAATGTGGCGGT,,,CCAGGCACGCAGAGA,,
138,ACCCGTACTGCTGCC,,,AGTGCCCGCCCTAAC,,
139,ACTGATGCGCGGTCT,,,ATGAAGGCGGCAGGT,,
140,TCCGCGTTCTTGGCT,,,GGGACGTTCGGACCA,,
141,CCTTCCCGCCTCACT,,,TCACGGTCCGCTCAA,,
142,GTCTGCGTCCCGGTT,,,CGACAGGTCCTCGCC,,
143,ACGCGCTGGGAAAGG,,,ATCTGGGCCCGTGGA,,
144,CGATCGCGGGTGGTT,,,GTCCGGCGGAGACTG,,
145,GGCTGGCGAGGACTT,,,GTGGTTGGCGTGGGA,,
146,GACCTCGGCGACCCT,,,AACCACCGTCGCACC,,
147,TCTTCGCTGTCCCGT,,,CCGAGCCTCCACTGA,,
148,AGCCTGCGTTCTGGG,,,CGCCCAGCTGCCTAA,,
149,GGCTGTTGTGCGACC,,,CACAACTCGCAGCCC,,
150,CGAGACCCGCGAATG,,,GGTGCGTCGAACAGG,,
151,TGGGCGGGTAGAGGA,,,CATGACCGGCGACAC,,
152,CAGCACATCCCGCCC,,,CCCTGGTCGCGTCTG,,
153,GGCTCACGTGCGGTC,,,GGCTCCGTCACGCTC,,
154,AAGCCTCTACGCGGT,,,CGTGCTGAGTGTCGG,,
155,GGCACCGTCCTGTCT,,,CCATGCCCTCCGACT,,
156,CGAGCGTGGGTCAGG,,,GTGGGCTCGGGTCAG,,
157,AGCAGCTCCACCGTC,,,ACGGGCATCAGGGTC,,
158,GTCACGGCCCTCTCC,,,CCATAACGCCGCCAC,,
159,GACGTGCGGAGGTGA,,,CCGACGCGTCTTTCC,,
160,CACCTGCGGCGTTCT,,,TGCCACGACCCAACC,,
161,CCTGCGAGCTGGTGA,,,AAGACCGTCGCAGCC,,
162,TGGATCGCCGGTGGA,,,GAGGTGCCGCGAACA,,
163,ACGCCTGTGTCTGGT,,,TCGTGCAGGCAGGTT,,
164,CCTAACTGCGGGCGT,,,ACGGCGGCCCTAATG,,
165,GGAATGTGCCGCTCC,,,AAGGGCGGTCAGGTC,,
166,GAAGCGCCACCACAC,,,CCGGCGGACAACTCA,,
167,TCGCGCGGGTAATGT,,,TGCACCCTGAAGCGG,,
168,CGTACCTTCGCCCGT,,,CGCCGTGGATGTTGG,,
169,CGGCCGGGTACTTCT,,,CGCGCATCTGGGAAC,,
170,TGTCGCCGCGTTAGA,,,TGCAAGCGAAACGGG,,
171,>skpp15-171-F filt15-21,ACCCGTGCCACTCTG,ACCCGTGCCACTCTG,>skpp15-171-R filt15-1218,ACGCTCGGCCTCATC,GATGAGGCCGAGCGT
172,>skpp15-172-F filt15-461,GGGCTCGCGGTGTTC,GGGCTCGCGGTGTTC,>skpp15-172-R filt15-1809,CCGTCCACATCGCCC,GGGCGATGTGGACGG
173,>skpp15-173-F filt15-1319,ACCCGCGTGCACATT,ACCCGCGTGCACATT,>skpp15-173-R filt15-1644,CAAGACGGGCCAGCA,TGCTGGCCCGTCTTG
174,>skpp15-174-F filt15-917,TCTTGGCGCCGTTCT,TCTTGGCGCCGTTCT,>skpp15-174-R filt15-502,AGCCGCATCCTCGTT,AACGAGGATGCGGCT
175,>skpp15-175-F filt15-2085,TCGTGAGCTCCGGGT,TCGTGAGCTCCGGGT,>skpp15-175-R filt15-1257,CCCGTCCCAGGCAGA,TCTGCCTGGGACGGG
176,>skpp15-176-F filt15-216,ACTAGCCCGCGTTCC,ACTAGCCCGCGTTCC,>skpp15-176-R filt15-1490,GCCGACAATTCCGCC,GGCGGAATTGTCGGC
177,>skpp15-177-F filt15-1240,CTCCGCGATGACCCT,CTCCGCGATGACCCT,>skpp15-177-R filt15-1607,CGCCGTGTCTCAACC,GGTTGAGACACGGCG
178,>skpp15-178-F filt15-543,ACCCTTGCGCTCTCT,ACCCTTGCGCTCTCT,>skpp15-178-R filt15-5,CCATGCAGCTCGGAC,GTCCGAGCTGCATGG
179,>skpp15-179-F filt15-1250,GCAGCGCTCCATGTT,GCAGCGCTCCATGTT,>skpp15-179-R filt15-1374,CCGCGGTCACATCAG,CTGATGTGACCGCGG
180,>skpp15-180-F filt15-1064,CGTCGCTGGCCCATT,CGTCGCTGGCCCATT,>skpp15-180-R filt15-15,TGTCCATGCGCGGTG,CACCGCGCATGGACA
181,>skpp15-181-F filt15-1421,TTGACCCACGCACCT,TTGACCCACGCACCT,>skpp15-181-R filt15-1320,AGCGGCACCACAAGA,TCTTGTGGTGCCGCT
182,>skpp15-182-F filt15-1865,CCGCTTGATCGCCTG,CCGCTTGATCGCCTG,>skpp15-182-R filt15-878,TCACAGGACGGTCGG,CCGACCGTCCTGTGA
183,>skpp15-183-F filt15-1356,TAGACCGCGCCCAGA,TAGACCGCGCCCAGA,>skpp15-183-R filt15-1112,GGACGTCGCCAAGGG,CCCTTGGCGACGTCC
184,>skpp15-184-F filt15-156,GGCCTGCGCGTATCT,GGCCTGCGCGTATCT,>skpp15-184-R filt15-328,AGCGTCGCCAAACCC,GGGTTTGGCGACGCT
185,>skpp15-185-F filt15-1007,GCGTGCGAGAGTGGG,GCGTGCGAGAGTGGG,>skpp15-185-R filt15-1313,AGCGAGTTGTGGCGG,CCGCCACAACTCGCT
186,>skpp15-186-F filt15-1754,CACTCCGCCAAGCCC,CACTCCGCCAAGCCC,>skpp15-186-R filt15-2003,ACGCCGGTCTGCTTC,GAAGCAGACCGGCGT
187,>skpp15-187-F filt15-333,GCGACCCTCCACTGA,GCGACCCTCCACTGA,>skpp15-187-R filt15-1228,CGTGATCCCGCCAAG,CTTGGCGGGATCACG
188,>skpp15-188-F filt15-1520,GCACGGACGCCATTC,GCACGGACGCCATTC,>skpp15-188-R filt15-1126,GGCGCTCGATCACCA,TGGTGATCGAGCGCC
189,>skpp15-189-F filt15-820,GCCTCTCTGACCGCC,GCCTCTCTGACCGCC,>skpp15-189-R filt15-658,CGCGACACACCTCCA,TGGAGGTGTGTCGCG
190,>skpp15-190-F filt15-214,GGCGCCAGTCTCCAC,GGCGCCAGTCTCCAC,>skpp15-190-R filt15-1431,TCGTGCGGTGTGTCC,GGACACACCGCACGA
191,>skpp15-191-F filt15-2011,CGTTGAACCGGCCCT,CGTTGAACCGGCCCT,>skpp15-191-R filt15-1103,TCGAGTTCCCGCACC,GGTGCGGGAACTCGA
192,>skpp15-192-F filt15-1294,CCACATACGCCCGCT,CCACATACGCCCGCT,>skpp15-192-R filt15-180,GACCTGGCGCCCTTC,GAAGGGCGCCAGGTC
193,>skpp15-193-F filt15-443,GCCCGAGAGCAGGAG,GCCCGAGAGCAGGAG,>skpp15-193-R filt15-1044,CAGGCAGCCCGGTAG,CTACCGGGCTGCCTG
194,>skpp15-194-F filt15-1800,TGTTCTTGGCGGCGT,TGTTCTTGGCGGCGT,>skpp15-194-R filt15-696,CGCGAGCCAGTGTTG,CAACACTGGCTCGCG
195,>skpp15-195-F filt15-788,TCTGCTGCCGTCCGT,TCTGCTGCCGTCCGT,>skpp15-195-R filt15-1116,TGCGCCTGATCCCGT,ACGGGATCAGGCGCA
196,>skpp15-196-F filt15-1736,GTGCGCGAGTAAGCC,GTGCGCGAGTAAGCC,>skpp15-196-R filt15-853,GTCCAGCGCTTCACC,GGTGAAGCGCTGGAC
197,>skpp15-197-F filt15-1669,CCCATGAGCCGAGCC,CCCATGAGCCGAGCC,>skpp15-197-R filt15-1027,GTCGGCCCGTGGTAG,CTACCACGGGCCGAC
198,>skpp15-198-F filt15-748,AGGGCCCGAACGATT,AGGGCCCGAACGATT,>skpp15-198-R filt15-1889,GCTGCCAACACACCA,TGGTGTGTTGGCAGC
199,>skpp15-199-F filt15-2101,CGCAGGTACGGGTCT,CGCAGGTACGGGTCT,>skpp15-199-R filt15-1610,CGCGTGGACTTGCTC,GAGCAAGTCCACGCG
200,>skpp15-200-F filt15-2058,TCAGGGATCGCGCAG,TCAGGGATCGCGCAG,>skpp15-200-R filt15-454,AAGCCCGCCGAGAAG,CTTCTCGGCGGGCTT
